Symbol,Security,SEC filings,GICS Sector,GICS Sub-Industry,Headquarters Location,Date first added,CIK,Founded
ACN,Accenture plc,reports,Information Technology,IT Consulting & Other Services,"Dublin, Ireland",2011-07-06,0001467373,1989
ADBE,Adobe Inc.,reports,Information Technology,Application Software,"San Jose, California",1997-05-05,0000796343,1982
AMD,Advanced Micro Devices Inc,reports,Information Technology,Semiconductors,"Santa Clara, California",2017-03-20,0000002488,1969
AKAM,Akamai Technologies Inc,reports,Information Technology,Internet Services & Infrastructure,"Cambridge, Massachusetts",2007-07-12,0001086222,1998
APH,Amphenol Corp,reports,Information Technology,Electronic Components,"Wallingford, Connecticut",2008-09-30,0000820313,1932
ADI,"Analog Devices, Inc.",reports,Information Technology,Semiconductors,"Norwood, Massachusetts",1999-10-12,0000006281,1965
ANSS,"ANSYS, Inc.",reports,Information Technology,Application Software,"Canonsburg, Pennsylvania",2017-06-19,0001013462,1969
AAPL,Apple Inc.,reports,Information Technology,"Technology Hardware, Storage & Peripherals","Cupertino, California",1982-11-30,0000320193,1977
AMAT,Applied Materials Inc.,reports,Information Technology,Semiconductor Equipment,"Santa Clara, California",1995-03-16,0000006951,1967
ANET,Arista Networks,reports,Information Technology,Communications Equipment,"Santa Clara, California",2018-08-28,0001596532,2004
ADSK,Autodesk Inc.,reports,Information Technology,Application Software,"San Rafael, California",1989-12-01,0000769397,1982
ADP,Automatic Data Processing,reports,Information Technology,Data Processing & Outsourced Services,"Roseland, New Jersey",1981-03-31,0000008670,1949
AVGO,Broadcom Inc.,reports,Information Technology,Semiconductors,"San Jose, California",2014-05-08,0001730168,1961
BR,Broadridge Financial Solutions,reports,Information Technology,Data Processing & Outsourced Services,"Lake Success, New York",2018-06-18,0001383312,1962
CDNS,Cadence Design Systems,reports,Information Technology,Application Software,"San Jose, California",2017-09-18,0000813672,1988
CDW,CDW,reports,Information Technology,Technology Distributors,"Lincolnshire, Illinois",2019-09-23,0001402057,1984
CSCO,Cisco Systems,reports,Information Technology,Communications Equipment,"San Jose, California",1993-12-01,0000858877,1984
CTXS,Citrix Systems,reports,Information Technology,Application Software,"Fort Lauderdale, Florida",1999-12-01,0000877890,1989
CTSH,Cognizant Technology Solutions,reports,Information Technology,IT Consulting & Other Services,"Teaneck, New Jersey",2006-11-17,0001058290,1994
GLW,Corning Inc.,reports,Information Technology,Electronic Components,"Corning, New York",,0000024741,1851
DXC,DXC Technology,reports,Information Technology,IT Consulting & Other Services,"Tysons Corner, Virginia",2017-04-04,0001688568,2017
ENPH,Enphase Energy,reports,Information Technology,Semiconductor Equipment,"Fremont, California",2021-01-07,0001463101,2006
FFIV,F5 Networks,reports,Information Technology,Communications Equipment,"Seattle, Washington",2010-12-20,0001048695,1996
FIS,Fidelity National Information Services,reports,Information Technology,Data Processing & Outsourced Services,"Jacksonville, Florida",2006-11-10,0001136893,1968
FISV,Fiserv Inc,reports,Information Technology,Data Processing & Outsourced Services,"Brookfield, Wisconsin",2001-04-02,0000798354,1984
FLT,FleetCor Technologies Inc,reports,Information Technology,Data Processing & Outsourced Services,"Norcross, Georgia",2018-06-20,0001175454,2000
FLIR,FLIR Systems,reports,Information Technology,Electronic Equipment & Instruments,"Wilsonville, Oregon",2009-01-02,0000354908,1978
FTNT,Fortinet,reports,Information Technology,Systems Software,"Sunnyvale, California",2018-10-11,0001262039,2000
IT,Gartner Inc,reports,Information Technology,IT Consulting & Other Services,"Stamford, Connecticut",2017-04-05,0000749251,1979
GPN,Global Payments Inc.,reports,Information Technology,Data Processing & Outsourced Services,"Atlanta, Georgia",2016-04-25,0001123360,2000
HPE,Hewlett Packard Enterprise,reports,Information Technology,"Technology Hardware, Storage & Peripherals","Houston, Texas",2015-11-02,0001645590,2015
HPQ,HP Inc.,reports,Information Technology,"Technology Hardware, Storage & Peripherals","Palo Alto, California",1974-12-31,0000047217,1939 (2015)
INTC,Intel Corp.,reports,Information Technology,Semiconductors,"Santa Clara, California",1976-12-31,0000050863,1968
IBM,International Business Machines,reports,Information Technology,IT Consulting & Other Services,"Armonk, New York",1957-03-04,0000051143,1911
INTU,Intuit Inc.,reports,Information Technology,Application Software,"Mountain View, California",2000-12-05,0000896878,1983
IPGP,IPG Photonics Corp.,reports,Information Technology,Electronic Manufacturing Services,"Oxford, Massachusetts",2018-03-07,0001111928,1990
JKHY,Jack Henry & Associates,reports,Information Technology,Data Processing & Outsourced Services,"Monett, Missouri",2018-11-13,0000779152,1976
JNPR,Juniper Networks,reports,Information Technology,Communications Equipment,"Sunnyvale, California",2006-06-02,0001043604,1996
KEYS,Keysight Technologies,reports,Information Technology,Electronic Equipment & Instruments,"Santa Rosa, California",2018-11-06,0001601046,2014
KLAC,KLA Corporation,reports,Information Technology,Semiconductor Equipment,"Milpitas, California",,0000319201,1975/1977 (1997)
LRCX,Lam Research,reports,Information Technology,Semiconductor Equipment,"Fremont, California",2012-06-29,0000707549,1980
LDOS,Leidos Holdings,reports,Information Technology,IT Consulting & Other Services,"Reston, Virginia",2019-08-09,0001336920,1969
MA,Mastercard Inc.,reports,Information Technology,Data Processing & Outsourced Services,"Harrison, New York",2008-07-18,0001141391,1966
MXIM,Maxim Integrated Products Inc,reports,Information Technology,Semiconductors,"San Jose, California",2018-12-03,0000743316,1983
MCHP,Microchip Technology,reports,Information Technology,Semiconductors,"Chandler, Arizona",2007-09-07,0000827054,1989
MU,Micron Technology,reports,Information Technology,Semiconductors,"Boise, Idaho",1994-09-27,0000723125,1978
MSFT,Microsoft Corp.,reports,Information Technology,Systems Software,"Redmond, Washington",1994-06-01,0000789019,1975
MSI,Motorola Solutions Inc.,reports,Information Technology,Communications Equipment,"Chicago, Illinois",,0000068505,1928 (2011)
NTAP,NetApp,reports,Information Technology,"Technology Hardware, Storage & Peripherals","Sunnyvale, California",1999-06-25,0001002047,1992
NLOK,NortonLifeLock,reports,Information Technology,Application Software,"Tempe, Arizona",2003-03-25,0000849399,1982
NVDA,Nvidia Corporation,reports,Information Technology,Semiconductors,"Santa Clara, California",2001-11-30,0001045810,1993
ORCL,Oracle Corp.,reports,Information Technology,Application Software,"Austin, Texas",1989-08-31,0001341439,1977
PAYX,Paychex Inc.,reports,Information Technology,Data Processing & Outsourced Services,"Penfield, New York",,0000723531,1971
PAYC,Paycom,reports,Information Technology,Application Software,"Oklahoma City, Oklahoma",2020-01-28,0001590955,1998
PYPL,PayPal,reports,Information Technology,Data Processing & Outsourced Services,"San Jose, California",2015-07-20,0001633917,1998
QRVO,Qorvo,reports,Information Technology,Semiconductors,"Greensboro, North Carolina",2015-06-11,0001604778,2015
QCOM,QUALCOMM Inc.,reports,Information Technology,Semiconductors,"San Diego, California",,0000804328,1985
CRM,Salesforce.com,reports,Information Technology,Application Software,"San Francisco, California",2008-09-15,0001108524,1999
STX,Seagate Technology,reports,Information Technology,"Technology Hardware, Storage & Peripherals","Dublin, Ireland",2012-07-02,0001137789,1979
NOW,ServiceNow,reports,Information Technology,Systems Software,"Santa Clara, California",2019-11-21,0001373715,2003
SWKS,Skyworks Solutions,reports,Information Technology,Semiconductors,"Woburn, Massachusetts",2015-03-12,0000004127,2002
SNPS,Synopsys Inc.,reports,Information Technology,Application Software,"Mountain View, California",2017-03-16,0000883241,1986
TEL,TE Connectivity Ltd.,reports,Information Technology,Electronic Manufacturing Services,"Schaffhausen, Switzerland",2011-10-17,0001385157,2007
TER,Teradyne,reports,Information Technology,Semiconductor Equipment,"North Reading, Massachusetts",2020-09-21,0000097210,1960
TXN,Texas Instruments,reports,Information Technology,Semiconductors,"Dallas, Texas",,0000097476,1930
TRMB,Trimble Inc.,reports,Information Technology,Electronic Equipment & Instruments,"Sunnyvale, California",2021-01-21,0000864749,1978
TYL,Tyler Technologies,reports,Information Technology,Application Software,"Plano, Texas",2020-06-22,0000860731,1966
VRSN,Verisign Inc.,reports,Information Technology,Internet Services & Infrastructure,"Dulles, Virginia",2006-02-01,0001014473,1995
V,Visa Inc.,reports,Information Technology,Data Processing & Outsourced Services,"San Francisco, California",2009-12-21,0001403161,1958
VNT,Vontier,reports,Information Technology,Electronic Equipment & Instruments,"Raleigh, North Carolina",2020-10-09,0001786842,2019
WDC,Western Digital,reports,Information Technology,"Technology Hardware, Storage & Peripherals","San Jose, California",2009-07-01,0000106040,1970
WU,Western Union Co,reports,Information Technology,Data Processing & Outsourced Services,"Englewood, Colorado",2006-09-29,0001365135,1851
XRX,Xerox,reports,Information Technology,"Technology Hardware, Storage & Peripherals","Norwalk, Connecticut",,0001770450,1906
XLNX,Xilinx,reports,Information Technology,Semiconductors,"San Jose, California",1999-11-08,0000743988,1984
ZBRA,Zebra Technologies,reports,Information Technology,Electronic Equipment & Instruments,"Lincolnshire, Illinois",2019-12-23,0000877212,1969
